commonPattern_amp_min,commonPattern_amp_max,commonPattern_amp_mean,commonPattern_amp_std,commonPattern_amp_median,commonPattern_amp_iqr,commonPattern_amp_gini,commonPattern_width_min,commonPattern_width_max,commonPattern_width_mean,commonPattern_width_std,commonPattern_width_median,commonPattern_width_iqr,commonPattern_width_gini,commonPattern_BCI_min,commonPattern_BCI_max,commonPattern_BCI_mean,commonPattern_BCI_std,commonPattern_BCI_median,commonPattern_BCI_iqr,commonPattern_BCI_gini,P_corr_min,P_rmsav_min,P_rmszero_min,P_corr_max,P_rmsav_max,P_rmszero_max,P_corr_mean,P_rmsav_mean,P_rmszero_mean,P_corr_std,P_rmsav_std,P_rmszero_std,P_corr_median,P_rmsav_median,P_rmszero_median,P_corr_iqr,P_rmsav_iqr,P_rmszero_iqr,P_corr_gini,P_rmsav_gini,P_rmszero_gini,QRS_min,QRS_max,QRS_mean,QRS_std,QRS_median,QRS_iqr,QRS_gini,qrs_Gmax,qrs_I_Gmax,qrs_Gmin,qrs_I_Gmin,qrs_I_delta_G_D,qrs_secondRun,qrs_dd,qrs_n_not_sel,qrs_iqr_qrs,qrs_qrs_range,qrs_baseline_mean,qrs_baseline_std,qrs_drift_mean,qrs_drift_std,qrs_nIrregularities,qrs_nProblems,beat_amp_skewness,beat_amp_gini,beat_bci_skewness,beat_bci_gini,beat_width_skewness,beat_width_gini,cc_ratioSCsUniqueBeforeCorrection,cc_n_NaN_rel,cc_n_NaN_seq,cc_n_different_in_a_row_95_MAX,cc_n_different_in_a_row_95_MAX_rel,cc_perc_sc1,cc_perc_sc1_notNaN,cc_n_NaN_rank,cc_n_NaN_rel_2_mc,rhythm_nsamp,rhythm_hrtrt,rhythm_n_widths,rhythm_n_amps,rhythm_Nscs_1per10s,rhythm_Nscs,rhythm_majorel,rhythm_otherel,rhythm_sc_2,rhythm_sc_3,rhythm_sc_gini,rhythm_longestNormalSeq,rhythm_n_premajure,rhythm_NPa,rhythm_NPv,rhythm_Nectopic,rhythm_ratioInterpolated,rhythm_mean_mov_diff,rhythm_ratio_mean_mov_diff_10,rhythm_mean_mov_av_diff,rhythm_hr1,rhythm_nBeats,rhythm_hr2,rhythm_hr_diff,rhythm_stds,rhythm_iqrs,rhythm_ratioNormal45_100,rhythm_ratioNormal45_100_smooth,rhythm_ratioFast120,rhythm_ratioFast110,rhythm_ratioFast105,rhythm_ratioFast100,rhythm_ratioFast95,rhythm_ratioFast90,rhythm_ratioSlow60,rhythm_ratioSlow55,rhythm_ratioSlow50,rhythm_ratioSlow45,rhythm_range10_90,rhythm_range5_95,rhythm_ratioRegular1,rhythm_ratioRegular3,rhythm_ratioRegular5,rhythm_ratioRegular10,rhythm_ratioRegular20,rhythm_ratioRegular10_bestPart,rhythm_ratioRegular10_worstPart,rhythm_ratioRegular10_PartDiff,rhythm_nPattern_1111,rhythm_nPattern_1212,rhythm_nPattern_1313,rhythm_nPattern_1414,rhythm_nPattern_121212,rhythm_nPattern_131313,rhythm_nPattern_141414,rhythm_nPattern_N1N1,rhythm_nPattern_N1N1N1,rhythm_nRPDR,rhythm_nRPPR,rhythm_nDDPP,rhythm_nRPPDDR,rhythm_nRPPDR,rhythm_nRPRP,rhythm_ratio_RPDR,rhythm_ratio_RPPR,rhythm_ratio_DDPP,rhythm_ratio_RPPDDR,rhythm_ratio_RPPDR,rhythm_ratio_RPRP,rhythm_nPatternMax,rhythm_nPatternSum,rhythm_ratioPatternMax,rhythm_ratioPatternSum,rhythm_nPattern_AD_in_Ns,rhythm_iqr_irreg_RRs,rhythm_n_hist_50,rhythm_n_hist_20,rhythm_n_hist_all,rhythm_hist_n_diag,rhythm_hist_ratio_diag,rhythm_hr1_c1,rhythm_nBeats_c1,rhythm_hr2_c1,rhythm_hr_diff_c1,rhythm_stds_c1,rhythm_iqrs_c1,rhythm_ratioNormal45_100_c1,rhythm_ratioNormal45_100_smooth_c1,rhythm_ratioFast120_c1,rhythm_ratioFast110_c1,rhythm_ratioFast105_c1,rhythm_ratioFast100_c1,rhythm_ratioFast95_c1,rhythm_ratioFast90_c1,rhythm_ratioSlow60_c1,rhythm_ratioSlow55_c1,rhythm_ratioSlow50_c1,rhythm_ratioSlow45_c1,rhythm_range10_90_c1,rhythm_range5_95_c1,rhythm_ratioRegular1_c1,rhythm_ratioRegular3_c1,rhythm_ratioRegular5_c1,rhythm_ratioRegular10_c1,rhythm_ratioRegular20_c1,rhythm_ratioRegular10_bestPart_c1,rhythm_ratioRegular10_worstPart_c1,rhythm_ratioRegular10_PartDiff_c1,rhythm_n_hist_50_c1,rhythm_n_hist_20_c1,rhythm_n_hist_all_c1,rhythm_hist_n_diag_c1,rhythm_hist_ratio_diag_c1,rhythm_mean_mov_av_diff_c1,rhythm_mean_mov_diff_c1,rhythm_ratio_mean_mov_diff_10_c1,rhythm_n_hist,rhythm_hist_gap,rhythm_n_hist2,rhythm_n_delayed,rhythm_nPattern_EV,rhythm_nPattern_DE,rhythm_nPattern_ED,rhythm_nPattern_EVN,rhythm_nPattern_NEV,rhythm_nPattern_DNE,rhythm_nPattern_EDE,rhythm_nPattern_DED,rhythm_nPattern_NED,rhythm_nPattern_EDN,rhythm_nPattern_NEDE,rhythm_nPattern_EDNE,rhythm_nPattern_DNED,rhythm_nPattern_DEDE,rhythm_nPattern_EDED,rhythm_nPattern_NNED,rhythm_nPattern_NEDN,rhythm_nOPatterns_2letters,rhythm_nOPatterns_3letters,rhythm_nOPatterns_4letters,rhythm_nPattern_134134,rhythm_nPattern_134134134,rhythm_imbalance,rhythm_imbalance_rel,rhythm_imbalance1,rhythm_imbalance1_rel,rhythm_N_bci_increases_1_times,rhythm_N_bci_increases_2_times,rhythm_N_bci_increases_3_times,rhythm_N_bci_increases_4_times,rhythm_N_bci_increase_max,rhythm_N_bci_decreases_1_times,rhythm_N_bci_decreases_2_times,rhythm_N_bci_decreases_3_times,rhythm_N_bci_decreases_4_times,rhythm_N_bci_decrease_max,rhythm_n_postmajure,rhythm_n_prepostmajure,rhythm_perc_premajure,rhythm_perc_postmajure,rhythm_perc_regular,rhythm_NDelayed,rhythm_nAnyPattern,rhythm_isOtherRhythm,af_rr_irregularity,af_rr_irregularity2,af_nice_found,af_atrial_frequency,af_p_af_freq_1,af_p_af_freq_rel_1,af_p_af_freq_2,af_p_af_freq_rel_2,af_p_af_freq_3,af_p_af_freq_rel_3,af_p_af_freq_4,af_p_af_freq_rel_4,af_p_af_freq_5,af_p_af_freq_rel_5,af_p_af_freq_6,af_p_af_freq_rel_6,af_medianPamp1,af_iqrPamp1,af_median_atrialHR1,af_iqr_atrialHR1,af_median_atrialHR_ratio_HR1,af_mean_atrialHR1,af_mean_atrialHR_ratio_HR1,af_g1,af_pp_irregularity1,af_pp_irregularity21,af_medianPamp,af_iqrPamp,af_median_atrialHR,af_iqr_atrialHR,af_median_atrialHR_ratio_HR,af_mean_atrialHR,af_mean_atrialHR_ratio_HR,af_g,af_pp_irregularity,af_pp_irregularity2,af_AFEv,af_OriginCount,af_IrrEv,af_PACEv,av_QRS_on_1,av_nbeats_1,av_QRS_off_1,av_P_on_1,av_P_off_1,av_QRS_width_1,av_QRS_amp_1,av_ST_elevation_1,av_isWPW_1,av_isWPW_rising_1,av_P_amplitude2_1,av_P_amplitude2rel_1,av_P_amplitude4_1,av_P_area_1,av_P_duration_1,av_PQ_int_1,av_PoffQRSon_int_1,av_ST_gradient_1,av_R_up_gradient_1,av_R_up_gradient_change_1,av_R_down_gradient_1,av_Q_FP_time_1,av_QT_duration_1,av_T_amp_1,av_T_off_1,av_P_angle_1,av_P_skewness_1,av_QRS_t_on2off_1,av_QRS_a_on2off_1,av_QRS_A_on2off_1,av_QRS_on_2,av_nbeats_2,av_QRS_off_2,av_P_on_2,av_P_off_2,av_QRS_width_2,av_QRS_amp_2,av_ST_elevation_2,av_isWPW_2,av_isWPW_rising_2,av_P_amplitude2_2,av_P_amplitude2rel_2,av_P_amplitude4_2,av_P_area_2,av_P_duration_2,av_PQ_int_2,av_PoffQRSon_int_2,av_ST_gradient_2,av_R_up_gradient_2,av_R_up_gradient_change_2,av_R_down_gradient_2,av_Q_FP_time_2,av_QT_duration_2,av_T_amp_2,av_T_off_2,av_P_angle_2,av_P_skewness_2,av_QRS_t_on2off_2,av_QRS_a_on2off_2,av_QRS_A_on2off_2,av_nOtherRhythmBeats,remav_mean_amp_before_qrsBlank,remav_mean_amp_before_qrsBlank_rel,remav_mean_amp_after_qrsBlank,remav_mean_amp_after_qrsBlank_rel,remav_ampRatio_qrsBlank,ws_ecgLength,ws_ecgAmpMax,ws_ecgAmpMin,ws_ecgAmpRange,ws_numberOfBeatsWithProblems,ws_N_lesserClass,ws_n_isMemberOfLesserClass,ws_N_homo_seq_of_more_than_min,ws_N_homo_classes_with_seq_of_more_than_min,ws_N_homo_max_beats_in_a_row,ws_N_homo_rel,ws_N_hetero_seq_of_more_than_min,ws_N_hetero_classes_with_seq_of_more_than_min_max,ws_N_hetero_max_beats_in_a_row,ws_N_hetero_rel,ws_n_spikes,ws_N_seq_of_2_non1inArow,ws_N_tachy,ws_N_tachy_max_beats_in_a_row,ws_N_tachy_rel,ws_N_brady,ws_N_brady_max_beats_in_a_row,ws_N_brady_rel,combined_afOrNormal,combined_normalOrOther,combined_normalOrOther_old,combined_afOrNoise,combined_is_normal,combined_is_normal_old,combined_is_noise,combined_n_over_noise_th,combined_normalOrOther_new,combined_normalOrAF_new,combined_normalOrNoise_new,combined_afOrOther_new,combined_otherOrNoise,target
2.19304087188534,3.56673877656665,3.30459879719359,0.252935103276733,3.36731576000765,0.133336231330391,0.0317189928882185,0.0866666666666667,0.166666666666667,0.106842105263158,0.0110403945293633,0.106666666666667,0,0.0307548928238577,180,205,189.297297297297,5.7099565325494,188,9,0.0171013389174441,0.848740838594632,0.0146206005336009,0.0402454231850418,0.961052584865411,0.0298897702516474,0.062324032587377,0.917134898362948,0.0222580393476076,0.0554984444143295,0.0240565606347908,0.00333248939616643,0.0041725054363604,0.916538447314351,0.0222811781952254,0.0558454270979857,0.0196784983264036,0.00339332439496949,0.00409690146295349,0.0139767411460713,0.0836065924732391,0.0393135427296635,0.874387127062838,0.99845867310811,0.95453357617367,0.0330143588447557,0.959198798530058,0.0485046605555608,0.0194889906629036,0.902647766782562,3,0.0171727266958563,38,1,0,-0.295495333992546,27,0.0110983147300093,3.48419089169514,0.158129519494459,0.0459795019983982,0.129831343246302,0.0762018094367406,38,38,-2.95866108624578,0.0317189928882185,0.630061995841611,0.0171013389174441,4.01933437926477,0.0307548928238577,0.0263157894736842,0,0,1,0.0263157894736842,0,100,NaN,0,7681,95.0885208452313,1,1,1,1,100,0,0,0,NaN,34,0,0,0,0,0,3.64520755843802,0.0303030303030303,1.86340295060342,95.7446808510638,37,95.7446808510638,0,2.82328334272785,4.5137921426581,0.972972972972973,1,0,0,0,0,0.567567567567568,0.972972972972973,0,0,0,0,7.42245189278557,8.28894723367084,0.189189189189189,0.675675675675676,0.945945945945946,1,1,1.08333333333333,1,0.0833333333333333,0,0,0,0,0,0,0,0,0,0,0,0,0,0,0,0,0,0,0,0,0,0,0,0,0,0,0,1,3,8,7,0.875,95.7446808510638,37,95.7446808510638,0,2.82328334272785,4.5137921426581,0.972972972972973,1,0,0,0,0,0.567567567567568,0.972972972972973,0,0,0,0,7.42245189278557,8.28894723367084,0.189189189189189,0.675675675675676,0.945945945945946,1,1,1.08333333333333,1,0.0833333333333333,1,3,8,7,0.875,1.86340295060342,3.64520755843802,0.0303030303030303,1,0,3,0,0,0,0,0,0,0,0,0,0,0,0,0,0,0,0,0,0,0,0,0,0,0,0,0,8,0.222222222222222,10,5,1,0,3,9,5,5,2,7,0,0,0,0,97.3684210526316,0,0,0,0.0471440512677624,0,2,4.82982629572094,0.00153940771780234,1,0.00300851841396146,1.95433502065095,0.00536979343518723,3.48822041950859,0.00775865497041571,5.0400260312401,0.010724180103226,6.96643259560624,0.00738719965376558,4.79872847741179,0.0159751032435331,0.0313943234906635,250,183.005460248616,2.61111111111111,300.280189590852,3.1362597579489,0.434343434343434,0.732021840994462,90.9090909090909,0.0195118746173489,0.031652871381166,666.666666666667,292.207792207792,6.96296296296296,691.569888056339,7.2230632752551,0.197761194029851,0.438311688311688,93.6567164179104,-30,30,0,0,93,38,143,56,78,0.166666666666667,3.53045241620817,-0.0339999041618424,0,0,0.0427973778036664,0.0166663384283162,0.215954533931135,1.16985591198026,0.0733333333333333,0.123333333333333,0.05,0.00691903101671815,0.452134908587377,NaN,-0.0729981150045805,14,NaN,0.144214763770977,NaN,2.6650789926149,-0.181818181818182,-0.0600388990824189,0.0600388990824189,-0.00360466940302888,NaN,0,NaN,NaN,NaN,NaN,NaN,NaN,NaN,NaN,NaN,NaN,NaN,NaN,NaN,NaN,NaN,NaN,NaN,NaN,NaN,NaN,NaN,NaN,NaN,NaN,NaN,NaN,NaN,NaN,0,-0.138581651827112,2.41391858684247,-0.138293199061236,2.40889410139441,1.00208580586633,25.6,2.95711033050374,-0.989839065598668,3.94694939610241,0,0,0,1,1,38,1,0,0,0,0,0,0,0,0,0,0,0,0,-95.3888956144324,875.028766167352,0.0828894723367084,-59.1670916754505,34,14,NaN,1,-596.412851766372,-3.21864628996392,-21.489063063126,200,-540.813049744546,N
1.31739315567099,1.72532098464461,1.50816857865766,0.0963863945369189,1.50961828217001,0.119223794360152,0.0356022041537818,0.08,0.116666666666667,0.112533333333333,0.00695754320197924,0.113333333333333,0,0.0178712480252761,265,549,293.083333333333,55.2527132260542,283.5,15.5,0.0546785180057113,0.894212773883528,0.0110385408016763,0.0571102265448914,0.987199390132893,0.0404782555884171,0.0958226989246384,0.960787036731513,0.0198197073643534,0.0701184863451445,0.0213043857838553,0.00645179824661383,0.00722678509794113,0.96354984245299,0.01939377591843,0.0692086092724941,0.0246991084347954,0.00580147071928409,0.00743931355786928,0.0119099279042347,0.166125844614381,0.0526703673495819,0.829542609405908,0.97831614740439,0.917684807710907,0.0477135823521395,0.93677923053995,0.0730216868036235,0.0294471968978018,0.656146961846444,5,0.0190266325466781,26,-1,0,-0.0969476849454941,41,0.0117614779855658,0.319190744899769,0.0113912378604779,0.0183304572891359,-0.0488811641403567,0.0272229098682703,25,25,0.284477509657106,0.0356022041537818,4.38657632936492,0.0546785180057113,-4.3041228918399,0.0178712480252761,0.04,0,0,1,0.04,0,100,NaN,0,7681,61.4159795280068,1,2,1,1,100,0,0,0,NaN,17,1,0,0,0,0,11.097305616122,0.35,2.59239574592478,63.6042402826855,24,63.4922609864132,0.111979296272331,6.68261112776563,3.50502253849849,0.958333333333333,0.958333333333333,0,0,0,0,0,0,0.0416666666666667,0.0416666666666667,0.0416666666666667,0.0416666666666667,5.99363030200142,15.3421464018596,0.333333333333333,0.791666666666667,0.958333333333333,0.958333333333333,0.958333333333333,1,1,0,0,0,0,0,0,0,0,0,0,0,0,0,0,0,0,0,0,0,0,0,0,0,0,0,0,0,0,1,2,7,5,0.714285714285714,63.6042402826855,24,63.4922609864132,0.111979296272331,6.68261112776563,3.50502253849849,0.958333333333333,0.958333333333333,0,0,0,0,0,0,0.0416666666666667,0.0416666666666667,0.0416666666666667,0.0416666666666667,5.99363030200142,15.3421464018596,0.333333333333333,0.791666666666667,0.958333333333333,0.958333333333333,0.958333333333333,1,1,0,1,2,7,5,0.714285714285714,2.59239574592478,11.097305616122,0.35,2,0,2,1,0,0,0,0,0,0,0,0,0,0,0,0,0,0,0,0,0,0,0,0,0,0,0,0,1,0.0434782608695652,6,4,1,1,4,7,4,2,0,3,1,1,4,4,88,1,0,0,0.0552039332675291,4.16666666666667,2,3.8045738045738,0.00214606456194325,1,0.00244156553013155,1.13769435152535,0.00542453734572074,2.52766736002054,0.0103261361732761,4.81166147393342,0.00969730375895233,4.51864493311025,0.00607388063401776,2.83024133650383,0.015583657176888,0.148590235408805,223.611111111111,115.484852984853,3.52186404511507,254.797869693336,4.01305396492118,0.478260869565217,0.516454000926051,84.7826086956522,0.00883532791931385,0.0225077400179067,750,417.956656346749,11.8124632569077,741.461058602723,11.6779753482301,0.0804195804195804,0.557275541795665,96.8531468531469,-6,9,3,0,104,25,130,72,91,0.0866666666666667,2.06934198501781,-0.00361176884254494,0,0,0.0290199658883711,0.0262965463461806,0.190833843316991,1.42444676676278,0.0633333333333333,0.106666666666667,0.0433333333333333,0.000269983806691599,0.12261840820522,0.0318670140872546,-0.0650895157488479,9,114,0.332378284683815,218,2.66576863792457,0.105263157894736,-0.00295609388343674,0.00295609388343674,-8.73849104769211e-06,NaN,0,NaN,NaN,NaN,NaN,NaN,NaN,NaN,NaN,NaN,NaN,NaN,NaN,NaN,NaN,NaN,NaN,NaN,NaN,NaN,NaN,NaN,NaN,NaN,NaN,NaN,NaN,NaN,NaN,0,-0.142162079438354,2.44817368418218,-0.14266979235808,2.45691701020907,0.996441342548177,25.6,1.72945982837343,-0.769568248989134,2.49902807736256,0,0,0,1,1,25,1,0,0,0,0,0,0,0,0,0,0,1,0.04,-84.5502913284494,928.111984646005,0.153421464018596,-57.1532982322668,34,14,NaN,0,-250.188015353995,-2.90854949663374,-14.7787561319107,200,-551.583047756375,N
3.21927698361158,3.91452979367972,3.59903118498635,0.188006309556073,3.5692592134758,0.262635163240796,0.0300242738351943,0.0866666666666667,0.133333333333333,0.109487179487179,0.00637697161523841,0.11,0.00333333333333333,0.0232137721352559,174,207,186.578947368421,7.9308892482133,185.5,9,0.0237715854076925,0.642897257458251,0.0190124861536782,0.0900203908006711,0.984661522732131,0.133735932925042,0.174546287812419,0.931250214657378,0.0423420942564235,0.117044910511391,0.0600726428157754,0.0191252966234468,0.0148397814052326,0.946898340858166,0.0377671917417525,0.114590711459783,0.0388350647516741,0.0161848165954683,0.0138899322068137,0.0273399841755354,0.204118326585601,0.0654187082997407,0.882843271657396,0.995624212928704,0.952875552293931,0.0285431903671473,0.951849886581028,0.0432780129432274,0.0170239436301283,0.479948292448293,14,0.0205450733752621,37,2,0,-0.723823014015312,27,0.0270450058904498,0.218182072100994,0.136710468146549,0.0302436390828392,0.0420768760243367,0.0641141509017485,39,39,-0.134101789305471,0.0300242738351943,0.667033355372384,0.0237715854076925,0.679011948676896,0.0232137721352559,0.0512820512820513,0,0,1,0.0256410256410256,0,100,NaN,0,7681,96.7460778617083,1,3,1,1,100,3,0,0,NaN,16,0,0,0,0,0,5.2680472759781,0.363636363636364,2.21442899505648,96.7741935483871,37,97.2972972972973,-0.523103748910188,3.75746366873779,4.79686493252777,0.810810810810811,0.962162162162162,0,0,0,0.189189189189189,0.72972972972973,0.972972972972973,0,0,0,0,10.2262386523888,12.3045523182414,0.189189189189189,0.621621621621622,0.837837837837838,1,1,1.04166666666667,0.833333333333333,0.208333333333333,0,0,0,0,0,0,0,0,0,0,0,0,0,0,0,0,0,0,0,0,0,0,0,0,0,0,14.7438843392374,2,3,11,7,0.636363636363636,96.7741935483871,37,97.2972972972973,-0.523103748910188,3.75746366873779,4.79686493252777,0.810810810810811,0.962162162162162,0,0,0,0.189189189189189,0.72972972972973,0.972972972972973,0,0,0,0,10.2262386523888,12.3045523182414,0.189189189189189,0.621621621621622,0.837837837837838,1,1,1.04166666666667,0.833333333333333,0.208333333333333,2,3,11,7,0.636363636363636,2.21442899505648,5.2680472759781,0.363636363636364,1,0,3,0,0,0,0,0,0,0,0,0,0,0,0,0,0,0,0,0,0,0,0,0,0,0,0,0,2,0.0540540540540541,7,4,3,2,6,7,4,4,3,7,0,0,0,0,97.3684210526316,0,0,0,0.0480262318226783,2.63157894736842,2,3.79816513761468,0.00482705026218699,1,0.00849919403483569,1.76074280838024,0.014137445532935,2.92879600688677,0.0171857174487283,3.56029386794534,0.0180088082918994,3.73081018711832,0.0153851978619238,3.18728768632156,0.0410129860843258,0.629135839978133,257.142857142857,264.505543237251,2.64998074701579,327.521658569276,3.37526812559712,0.315789473684211,1.02863266814486,93.6842105263158,0.0364002065787468,0.102405074946611,692.307692307692,342.857142857143,7.13456354965789,692.088161505488,7.13230117921649,0.20817843866171,0.495238095238095,94.7955390334573,-23,23,0,0,90,38,128,56,77,0.126666666666667,4.09986158559228,-0.145004162377956,0,0,0.0915289792330981,0.0311163628601391,0.352744656741039,3.16193269930886,0.07,0.113333333333333,0.0433333333333333,0.00256596901354288,0.589360371442687,NaN,-0.129085458205552,14,NaN,0.329160518500616,NaN,2.88350063406495,-0.0952380952380951,-0.15654463757822,0.15654463757822,-0.0245062235544962,NaN,0,NaN,NaN,NaN,NaN,NaN,NaN,NaN,NaN,NaN,NaN,NaN,NaN,NaN,NaN,NaN,NaN,NaN,NaN,NaN,NaN,NaN,NaN,NaN,NaN,NaN,NaN,NaN,NaN,0,-0.0918508596178092,1.84342667733619,-0.0908897803546455,1.82413802658079,1.0105741180077,25.6,3.57418492304519,-1.37292122405692,4.9471061471021,0,0,0,1,1,37,0.974358974358974,0,1,1,0.0256410256410256,0,0,0,0,0,0,0,0,-94.8790870526585,915.043520901296,0.123045523182414,-80.801440859182,34,14,NaN,2,-575.12518036576,-4.56949177197916,-21.4576694994205,200,5.45298517327139,N
1.19334955035101,2.1382002529765,1.88768999830833,0.216875490926022,1.99741539426796,0.292492596621188,0.0603198874352194,0.0933333333333333,0.1,0.0951754385964912,0.0018498223956713,0.0966666666666667,0.00333333333333333,0.00988915182463584,179,201,189.594594594595,5.77571284421749,191,10.25,0.0175972123228004,0.874011485604188,0.00894452878854998,0.0342864900849089,0.989149690845282,0.0317346003368684,0.0700464245903155,0.963933293335573,0.0173052350807301,0.0622414574802113,0.0194566692394038,0.00443279559036696,0.00652191199156273,0.964446209699866,0.0166380247727246,0.0636790365134865,0.0191022918860396,0.0056229321020452,0.00569346451590218,0.00962547803587449,0.137957393111391,0.0496871623808019,0.794680408332525,0.97492236481536,0.901396608036728,0.0565735509760838,0.911131269734138,0.0978554863913508,0.0356674969982779,0.596724667349028,3,0.0101715034177889,24,14,0,-0.84371440010095,28,0.0272994253069873,0.769251045869636,0.0373812769873014,0.00987503895996902,-0.0291595676882387,0.0236937949204903,38,38,-1.38157394319487,0.0603198874352194,-0.156677976248028,0.0175972123228004,0.271693700485322,0.00988915182463584,0.0263157894736842,0,0,1,0.0263157894736842,0,100,NaN,0,7681,94.9394155381326,1,3,1,1,100,0,0,0,NaN,30,0,0,0,0,0,3.31711375511855,0.0303030303030303,2.40431115580715,94.2408376963351,37,94.2408376963351,0,2.9121160667545,5.17622399717835,0.972972972972973,0.994594594594595,0,0,0,0.027027027027027,0.432432432432432,0.972972972972973,0,0,0,0,7.06436420722133,8.37690928977351,0.324324324324324,0.648648648648649,0.918918918918919,1,1,1.08333333333333,1,0.0833333333333333,0,0,0,0,0,0,0,0,0,0,0,0,0,0,0,0,0,0,0,0,0,0,0,0,0,0,0,1,3,8,7,0.875,94.2408376963351,37,94.2408376963351,0,2.9121160667545,5.17622399717835,0.972972972972973,0.994594594594595,0,0,0,0.027027027027027,0.432432432432432,0.972972972972973,0,0,0,0,7.06436420722133,8.37690928977351,0.324324324324324,0.648648648648649,0.918918918918919,1,1,1.08333333333333,1,0.0833333333333333,1,3,8,7,0.875,2.40431115580715,3.31711375511855,0.0303030303030303,1,0,3,0,0,0,0,0,0,0,0,0,0,0,0,0,0,0,0,0,0,0,0,0,0,0,0,0,7,0.194444444444444,13,3,1,1,4,11,6,4,2,6,0,0,0,0,97.3684210526316,0,0,0,0.0549254879700592,0,2,5.10232300884956,0.00107174113863063,1,0.00146618910161415,1.36804406284852,0.00428146888191636,3.99487220149709,0.00689745157600163,6.43574397527982,0.0100102061039151,9.34013423867,0.00739858139253341,6.90332872916179,0.0271566959667582,0.222794733839613,216.867469879518,103.260872608754,2.30120481927711,302.42882174035,3.20910583068927,0.557894736842105,0.476147357029255,89.4736842105263,0.0151332391724715,0.0301892391016593,562.5,332.608695652174,5.96875,621.677313896666,6.59668705301462,0.184873949579832,0.591304347826087,95.7983193277311,-26,26,0,0,98,38,127,59,81,0.0966666666666667,2.76013924719017,-0.0152199364164926,0,0,0.0463150182444727,0.0377428557086218,0.215224371138588,1.72500431843382,0.0733333333333333,0.13,0.0566666666666667,0.00179396876779309,0.213381101795572,NaN,-0.0655105121223875,10,NaN,0.105495763365178,NaN,2.65209894865991,0.727272727272727,-0.0175795939470044,0.0175795939470044,-0.000309042123341553,NaN,0,NaN,NaN,NaN,NaN,NaN,NaN,NaN,NaN,NaN,NaN,NaN,NaN,NaN,NaN,NaN,NaN,NaN,NaN,NaN,NaN,NaN,NaN,NaN,NaN,NaN,NaN,NaN,NaN,0,-0.0663655700019357,1.29786004911877,-0.0665785962438769,1.30202603833308,0.996800379491919,25.6,2.13345005757322,-1.1038731820536,3.23732323962682,0,0,0,1,1,38,1,0,0,0,0,0,0,0,0,0,0,0,0,-95.2386841716668,894.235856105946,0.0837690928977351,-58.8263584576161,34,14,NaN,1,-577.605761827777,-3.20592239802575,-26.9376940956094,200,-558.171783428301,N
1.40393688342229,1.75698515196272,1.62627305639562,0.0854013465737198,1.62953914654155,0.117896682340565,0.0299844143563799,0.0933333333333333,0.136666666666667,0.10640350877193,0.0104373313281545,0.103333333333333,0.0166666666666667,0.0550121432231901,185,195,188.72972972973,2.61032829617537,188,4,0.00785240345601225,0.863132434889451,0.015113077288547,0.0637370934066761,0.978049784878066,0.0371459627750873,0.0764375975677797,0.938853688407288,0.0241955663866706,0.0712957554748764,0.0270093013478217,0.00512977720904701,0.00304557725398874,0.941566624646071,0.024127867941239,0.0717290208502371,0.0323373930977933,0.00560315465591888,0.00372130193632447,0.0157943372137097,0.120890081853716,0.0240447337460285,0.775894213774902,0.969931091834522,0.907279830838298,0.0488891454663422,0.916223439509799,0.067393784232299,0.030014994411836,0.654840474020055,7,0.0123315353159259,38,0,0,-0.589469244780525,28,0.0154896273017906,0.253359372626074,0.0301239417623254,0.00942949470395552,-0.0167541279905457,0.0423953184070952,38,38,-0.532246794919711,0.0299844143563799,0.490219913537526,0.00785240345601225,0.737783754077686,0.0550121432231901,0.0263157894736842,0,0,1,0.0263157894736842,0,100,NaN,0,7681,95.3744808821424,3,3,1,1,100,0,0,0,NaN,37,0,0,0,0,0,2.00922610125246,0,0.910290358857369,95.7446808510638,37,95.7446808510638,0,1.31104869510619,2.01584679564354,1,1,0,0,0,0,0.702702702702703,1,0,0,0,0,3.8312775837847,4.03304859263407,0.486486486486487,0.972972972972973,1,1,1,1.125,1,0.125,0,0,0,0,0,0,0,0,0,0,0,0,0,0,0,0,0,0,0,0,0,0,0,0,0,0,0,1,1,2,2,1,95.7446808510638,37,95.7446808510638,0,1.31104869510619,2.01584679564354,1,1,0,0,0,0,0.702702702702703,1,0,0,0,0,3.8312775837847,4.03304859263407,0.486486486486487,0.972972972972973,1,1,1,1.125,1,0.125,1,1,2,2,1,0.910290358857369,2.00922610125246,0,1,0,1,0,0,0,0,0,0,0,0,0,0,0,0,0,0,0,0,0,0,0,0,0,0,0,0,0,5,0.138888888888889,14,3,1,0,3,12,3,3,3,5,0,0,0,0,97.3684210526316,0,0,0,0.0210543998656103,0,2,4.30782099539941,0.00381157296059215,1,0.00509036740803797,1.33550307462753,0.00638256599215008,1.67452284349255,0.0174195890830715,4.57018382257736,0.0165112592801217,4.33187543589789,0.00839241743038315,2.20182520894978,0.024177921000614,0.0698613866617742,202.247191011236,69.1751297395277,2.1123595505618,313.804943404272,3.27751829777795,0.611764705882353,0.342032585934332,81.1764705882353,0.0241158151487109,0.0444175415914802,720,342.857142857143,7.52,708.255749873774,7.39733783201498,0.160583941605839,0.476190476190476,95.2554744525548,-35,35,0,0,93,38,130,47,71,0.123333333333333,2.22731463887616,0.109146609853599,0,0,0.0475635676072023,0.0451199640524748,0.197437394911596,2.28366243106464,0.08,0.153333333333333,0.0733333333333333,0.00506553198170382,0.293183742074923,NaN,-0.0388865997351826,12,NaN,0.579468561008393,NaN,2.61924564236011,-6.93889390390723e-16,0.0819929299708516,-0.0819929299708516,-0.00672284056520498,NaN,0,NaN,NaN,NaN,NaN,NaN,NaN,NaN,NaN,NaN,NaN,NaN,NaN,NaN,NaN,NaN,NaN,NaN,NaN,NaN,NaN,NaN,NaN,NaN,NaN,NaN,NaN,NaN,NaN,0,-0.172273952375073,4.10027992518525,-0.172896413722153,4.1150950828481,0.996399801860085,25.6,1.74359545305521,-0.859958694331778,2.60355414738699,0,0,0,1,1,38,1,0,0,0,0,0,0,0,0,0,0,0,0,-95.6616045103457,903.321614573413,0.0403304859263407,-72.7761636177209,34,14,NaN,1,-570.568845952902,-3.0326656812252,-24.5230261041519,200,-538.236464557236,N
1.6198044183387,1.95545757248699,1.7619304664101,0.0880924186799528,1.74451074331696,0.111572295758818,0.0283170108994929,0.0966666666666667,0.103333333333333,0.0983870967741936,0.00225601545534755,0.0966666666666667,0.00333333333333334,0.0115846994535524,208,281,231.866666666667,18.0473196659902,229.5,25,0.0439015684797049,0.589010213020149,0.00838830189500355,0.0359159087894164,0.98106657650347,0.03766944170424,0.0570013234462335,0.899356291731813,0.0199674208530053,0.0469532689036565,0.0814393422633354,0.00686143540099739,0.00563370421040128,0.916263101310424,0.0195939689481148,0.0459990147567941,0.0664853290605276,0.00791321102088047,0.00839605651323654,0.0431063988976015,0.192045360817274,0.0691106258215901,0.834981870022759,0.97034036780139,0.924399863306718,0.0365241282170547,0.935491729285909,0.0383588950208765,0.0208494209700249,0.819614347916235,3,0.0441890900438223,31,0,0,-0.753681818566646,35,0.012349939413345,0.242774891109905,0.0605656345567013,0.00547603214833578,0.0165183697582508,0.0151832523174285,31,31,0.670542499940807,0.0283170108994929,0.749320505261613,0.0439015684797049,0.924647387487415,0.0115846994535524,0.032258064516129,0,0,1,0.032258064516129,0,100,NaN,0,7681,77.6308223116734,1,2,1,1,100,0,0,0,NaN,5,1,1,0,0,0,11.73728700641,0.884615384615385,3.62078607901414,74.3801652892562,30,78.4347231715653,-4.05455788230908,5.80651398876988,8.49473326537546,1,1,0,0,0,0,0,0,0,0,0,0,14.5931603773585,15.2691463662013,0.1,0.266666666666667,0.5,0.833333333333333,1,0.65,0.35,0.3,0,0,0,0,0,0,0,0,0,0,1,0,0,0,0,0,0.272727272727273,0,0,0,0,0,0,0,0,0,14.5931603773585,1,10,14,6,0.428571428571429,74.3801652892562,30,78.4347231715653,-4.05455788230908,5.80651398876988,8.49473326537546,1,1,0,0,0,0,0,0,0,0,0,0,14.5931603773585,15.2691463662013,0.1,0.266666666666667,0.5,0.833333333333333,1,0.65,0.35,0.3,1,10,14,6,0.428571428571429,3.62078607901414,11.73728700641,0.884615384615385,3,0,5,1,0,0,0,0,0,0,0,0,0,0,0,0,0,0,0,0,0,0,0,0,0,0,-2,-0.0666666666666667,6,0.206896551724138,6,4,2,0,3,5,5,5,2,5,0,0,3.2258064516129,0,90.3225806451613,0,0,0,0.108303222372499,3.33333333333333,2,3.65392692146157,0.00233636011333095,1,0.00242290604108066,1.03704305995291,0.00621540827895395,2.66029549275803,0.0121360752592369,5.19443693204235,0.00951833156421029,4.0740001979575,0.00707620315317689,3.02872965207763,0.0163791778670368,0.254180442479607,230.769230769231,90.6919945725916,2.94218200100553,289.377061939649,3.68939992695169,0.510869565217391,0.392998643147897,78.2608695652174,0.0103626567966878,0.0254762297412182,666.666666666667,370.588235294118,8.49963689179376,714.230695970859,9.10605235908816,0.11913357400722,0.555882352941176,95.3068592057762,4,4,8,0,103,31,145,58,71,0.14,2.27923130549154,0.00867777331963722,0,0,0.00352645063978632,0.00290845154917106,0.117597462737498,0.655035131448456,0.0433333333333333,0.15,0.106666666666667,0.00360204157008468,0.246086629199199,NaN,-0.0384699714737694,10,116,0.322288526910893,219,2.68945853424906,-0.461538461538462,-0.0185552000587731,0.0185552000587731,-0.000344295449221093,NaN,0,NaN,NaN,NaN,NaN,NaN,NaN,NaN,NaN,NaN,NaN,NaN,NaN,NaN,NaN,NaN,NaN,NaN,NaN,NaN,NaN,NaN,NaN,NaN,NaN,NaN,NaN,NaN,NaN,0,-0.0845663391920846,2.13855076555017,-0.0849713026503906,2.14879165952825,0.995234114981476,25.6,1.86085637922035,-0.683412715015663,2.54426909423601,0,0,0,1,1,31,1,0,0,0,0,0,0,0,0,0,0,0,0,-84.2505558406961,819.336019959561,0.152691463662013,-21.8613705612355,33,13,NaN,1,-137.389786492051,-2.1033200447633,-21.7469048448086,170.186159214166,-589.800000267634,N
3.2789209145572,3.77156132859978,3.56758203833276,0.138142482358054,3.55650418609612,0.213317477489862,0.0225087781515797,0.106666666666667,0.153333333333333,0.111149425287356,0.00841747342050411,0.11,0.00333333333333333,0.0237110356034862,204,273,243.821428571429,17.213374583453,247.5,19.5,0.0397061775412442,0.168159983052554,0.0152253091234479,0.0515349500267621,0.962482135781957,0.170581796100907,0.183004956139912,0.790478994335058,0.0453100409843304,0.0727706152062275,0.194462693458698,0.0392096815256553,0.0333714292373374,0.877459749780063,0.029832060304077,0.060789166092801,0.222132705358299,0.0298811641873252,0.012493982184657,0.124403424200392,0.398769182260689,0.190362816456794,0.88043955315389,0.996035827311857,0.946239591669407,0.0316016096207917,0.95576011914522,0.0457262460460015,0.0191361980748439,0.739565943238731,3,0.03956549576239,29,0,0,-0.563265629246223,37,0.029714273657378,0.188564955709817,0.0844166255658592,0.0129392590649417,0.0533262087484193,0.061451296224966,29,29,-0.288364265625931,0.0225087781515797,-0.557439323423319,0.0397061775412442,4.53250979600218,0.0237110356034862,0.0344827586206897,0,0,1,0.0344827586206897,0,100,NaN,0,7681,73.8245202870953,1,1,1,1,100,0,0,0,NaN,11,0,0,0,0,0,8.85981986735921,0.625,3.56984878564652,72.7275695442079,28,72.7275695442079,0,5.51747095469925,5.84523026664687,1,1,0,0,0,0,0,0,0,0,0,0,15.6398030759866,19.5943821752374,0.178571428571429,0.535714285714286,0.714285714285714,0.892857142857143,1,0.944444444444444,0.722222222222222,0.222222222222222,0,0,0,0,0,0,0,0,0,0,0,0,0,0,0,0,0,0,0,0,0,0,0,0,0,0,19.2936215076436,2,7,12,7,0.583333333333333,72.7275695442079,28,72.7275695442079,0,5.51747095469925,5.84523026664687,1,1,0,0,0,0,0,0,0,0,0,0,15.6398030759866,19.5943821752374,0.178571428571429,0.535714285714286,0.714285714285714,0.892857142857143,1,0.944444444444444,0.722222222222222,0.222222222222222,2,7,12,7,0.583333333333333,3.56984878564652,8.85981986735921,0.625,2,0,5,0,0,0,0,0,0,0,0,0,0,0,0,0,0,0,0,0,0,0,0,0,0,0,0,0,6,0.222222222222222,4,3,1,1,6,5,4,3,2,6,0,0,0,0,96.551724137931,0,0,0,0.0803715881512279,10.7142857142857,2,3.29289428076257,0.0116116166625379,1,0.0127575333282961,1.09868709061462,0.00780464456497829,0.672141080075274,0.017754986332828,1.52907100267185,0.0177687906932049,1.53025984319062,0.00857557336230258,0.73853397089568,0.0455669811805763,0.306468443313885,240,78.5542582417582,3.29998653198653,270.490160851634,3.71922453268859,0.628865979381443,0.327309409340659,89.6907216494845,0.0306333760072198,0.0804579613124448,642.857142857143,386.495083863505,8.83924963924964,678.150527173819,9.32453169305487,0.118773946360153,0.601214574898786,97.7011494252874,0,4,2,-1,88,29,145,63,80,0.19,3.97850926119597,0.139620701332385,0,0,0.0403191064704787,0.0146612850523932,0.183330605756512,1.0538462150059,0.0566666666666667,0.0833333333333333,0.0266666666666667,0.01220689648231,0.352889847907685,0.318879539645569,-0.0817988352800775,25,112,0.750180944597568,200,2.70783247525843,0.352941176470589,0.13247632466722,-0.13247632466722,-0.0175499765973346,NaN,0,NaN,NaN,NaN,NaN,NaN,NaN,NaN,NaN,NaN,NaN,NaN,NaN,NaN,NaN,NaN,NaN,NaN,NaN,NaN,NaN,NaN,NaN,NaN,NaN,NaN,NaN,NaN,NaN,0,-0.238728815305306,5.32746475095097,-0.234947293088839,5.24307641983393,1.01609519380603,25.6,3.28361711862091,-1.23420875637022,4.51782587499114,0,0,0,1,1,29,1,0,0,0,0,0,0,0,0,0,0,0,0,-92.1959762908455,854.884153762119,0.195943821752374,-41.283608280179,34,14,NaN,2,-331.480961416917,-2.82138904971018,-19.8682581526913,200,-551.008017266316,N
2.79791472498428,3.2680941214255,3.15756657314398,0.10434647877865,3.1761823571204,0.0638250087887586,0.0149053749958854,0.0866666666666667,0.11,0.104761904761905,0.00532318258006592,0.106666666666667,0.00333333333333334,0.0236531986531982,234,267,249.333333333333,7.52431954500768,251,10.5,0.0172311348781937,0.776122534867557,0.0142665044118876,0.0478176040139033,0.969943197416108,0.0363839090899847,0.0657774326773439,0.922754891539763,0.0222041205888384,0.0581766502656328,0.0404109801215645,0.00521190064968439,0.00407644002093745,0.932670943832042,0.0218738926734376,0.0589992424639658,0.0451521264351867,0.00638132811484539,0.00428199673975471,0.0225736163853026,0.132929805846993,0.0389631349076258,0.900047810469946,0.988827964323973,0.952006973599254,0.0275587836916018,0.958383422564388,0.0338724282884633,0.0164158695010508,0.418560467665327,7,0.0172599269751938,29,0,0,-0.72363251480518,37,0.0105832227170814,0.316313162414564,0.162491778371267,0.0344712135115849,0.0978007389696851,0.0467892965375195,28,28,-2.37782115010375,0.0149053749958854,0.197630716020214,0.0172311348781937,-2.06273476299216,0.0236531986531982,0.0357142857142857,0,0,1,0.0357142857142857,0,100,NaN,0,7681,72.192513368984,1,1,1,1,100,0,0,0,NaN,27,0,0,0,0,0,5.51587799226827,0.391304347826087,0.816648299852284,72.5853658536585,27,71.7131474103586,0.872218443299985,2.17276440434825,3.04275406786832,1,1,0,0,0,0,0,0,0,0,0,0,4.86706109095853,7.31486970872852,0.296296296296296,0.851851851851852,0.962962962962963,1,1,1.05555555555556,1,0.0555555555555556,0,0,0,0,0,0,0,0,0,0,0,0,0,0,0,0,0,0,0,0,0,0,0,0,0,0,0,4,5,7,6,0.857142857142857,72.5853658536585,27,71.7131474103586,0.872218443299985,2.17276440434825,3.04275406786832,1,1,0,0,0,0,0,0,0,0,0,0,4.86706109095853,7.31486970872852,0.296296296296296,0.851851851851852,0.962962962962963,1,1,1.05555555555556,1,0.0555555555555556,4,5,7,6,0.857142857142857,0.816648299852284,5.51587799226827,0.391304347826087,1,0,3,0,0,0,0,0,0,0,0,0,0,0,0,0,0,0,0,0,0,0,0,0,0,0,0,0,1,0.0384615384615385,7,6,0,0,2,8,6,0,0,2,0,0,0,0,96.4285714285714,0,0,0,0.0424295150574971,0,2,4.36955590461231,0.0027799611491648,1,0.00232039182339545,0.83468498259142,0.00548151875504739,1.9717968924473,0.0144316461871475,5.19131218487828,0.0139465134538055,5.01680156861023,0.0105099179081263,3.78059884444209,0.0358097021116102,0.470897758059115,230.769230769231,67.1652535594305,3.21794871794872,276.98309122555,3.86237532764518,0.637362637362637,0.291049432090865,90.1098901098901,0.0146520066690382,0.0336383538701209,782.608695652174,401.913875598086,10.9130434782609,754.154886392615,10.5162709158081,0.0687285223367698,0.513556618819776,97.2508591065292,0,0,0,0,97,28,133,56,75,0.12,3.6023977624381,-0.0853356859771707,0,0,0.0293197684779093,0.0110514107214511,0.212728133414841,1.06994040126171,0.0633333333333333,0.136666666666667,0.0733333333333333,0.00259352501435579,0.457923331190831,NaN,-0.136709199232802,16,111,0.572361069848451,208,2.73605253261318,0.105263157894737,-0.0811499768800924,0.0811499768800924,-0.00658531874763953,NaN,0,NaN,NaN,NaN,NaN,NaN,NaN,NaN,NaN,NaN,NaN,NaN,NaN,NaN,NaN,NaN,NaN,NaN,NaN,NaN,NaN,NaN,NaN,NaN,NaN,NaN,NaN,NaN,NaN,0,-0.186958325997512,3.85969398451519,-0.186530056321702,3.85085249600349,1.00229598212886,25.6,3.0042053530967,-0.887040691173271,3.89124604426998,0,0,0,1,1,28,1,0,0,0,0,0,0,0,0,0,0,0,0,-93.3202071807831,863.216871799225,0.0731486970872852,-62.5864146721658,34,14,NaN,2,-398.71177801461,-3.14479361104611,-25.6919655671311,200,-548.015178010558,N
1.41864489811383,2.01792647509119,1.70244039268975,0.1363723131475,1.73002755244694,0.178712047550373,0.044804728208607,0.0833333333333333,0.146666666666667,0.108974358974359,0.0178330337861255,0.108333333333333,0.0366666666666667,0.0949647058823524,225,342,281.08,26.9179617851476,284,24.75,0.0533300128077416,0.578542409786332,0.0230087193696166,0.0482488770754427,0.923031286061841,0.0545626292995699,0.0746793746550672,0.816417307928006,0.0355142409454994,0.062588053126918,0.0950916177825545,0.00830972196700124,0.00541009258523038,0.84933044633583,0.0336423759161564,0.0623824122961744,0.0984690898138154,0.0103740526092151,0.0056613405490161,0.0622804984063455,0.133029180150998,0.0476534623059077,0.754158646450388,0.989025829401891,0.923913108972157,0.0569500711732795,0.932849245225868,0.099668533718104,0.0339023109002254,0.833601933924255,4,0.053005503368441,26,0,0,-0.814023560611632,40,0.0196587482346099,0.465717478310107,0.0118902509556119,0.0189810379411824,-0.0964414384495161,0.0229691871017278,26,26,-0.257142053101366,0.044804728208607,-0.146693158829602,0.0533300128077416,0.202799573413344,0.0949647058823524,0.0384615384615385,0,0,1,0.0384615384615385,0,100,NaN,0,7681,64.038707841184,5,3,1,1,100,0,0,0,NaN,17,0,0,0,0,0,10.9757166271346,0.666666666666667,2.5939915752714,63.3802816901408,25,63.3802816901408,0,6.46339453059639,5.65859841700595,1,1,0,0,0,0,0,0,0.16,0.04,0,0,17.2373081463991,23.5998013902681,0.16,0.56,0.64,0.84,1,1,0.5625,0.4375,0,0,0,0,0,0,0,0,0,0,0,0,0,0,0,0,0,0,0,0,0,0,0,0,0,0,19.790451491273,4,4,13,7,0.538461538461538,63.3802816901408,25,63.3802816901408,0,6.46339453059639,5.65859841700595,1,1,0,0,0,0,0,0,0.16,0.04,0,0,17.2373081463991,23.5998013902681,0.16,0.56,0.64,0.84,1,1,0.5625,0.4375,4,4,13,7,0.538461538461538,2.5939915752714,10.9757166271346,0.666666666666667,3,0,4,1,0,0,0,0,0,0,0,0,0,0,0,0,0,0,0,0,0,0,0,0,0,0,-1,-0.04,-5,-0.208333333333333,6,6,2,1,4,7,3,0,0,2,0,0,0,0,92.3076923076923,0,0,0,0.0892801083572051,16,2,3.90150858331888,0.00509518347949904,1,0.00426557566366815,0.837178029178165,0.00676693679906825,1.32810463573994,0.0155463984972832,3.05119502758548,0.0136177598004626,2.67267309514073,0.00870282647504969,1.70804967280695,0.0140218306231141,0.12071853629078,214.285714285714,106.14104061826,3.38095238095238,259.676515054538,4.09711834863826,0.438202247191011,0.495324856218548,89.8876404494382,0.012381152206529,0.0341530036498967,782.608695652174,366.723259762309,12.3478260869565,762.161893247387,12.0252209823477,0.130872483221477,0.468590831918506,95.6375838926175,3,3,6,0,98,26,140,61,78,0.14,2.03529171407674,0.119742013121686,0,0,0.0338408886612713,-0.053061150767457,0.180042813021595,1.13858312128165,0.0566666666666667,0.123333333333333,0.0666666666666667,0.00515540645054156,-0.403321272604571,NaN,0.0277527470365962,15,106,0.46922336130199,204,2.71795213162999,0.823529411764706,0.111552689878656,-0.111552689878656,-0.0124440026191635,NaN,0,NaN,NaN,NaN,NaN,NaN,NaN,NaN,NaN,NaN,NaN,NaN,NaN,NaN,NaN,NaN,NaN,NaN,NaN,NaN,NaN,NaN,NaN,NaN,NaN,NaN,NaN,NaN,NaN,0,-0.133581504211994,2.4145401795546,-0.133451507809869,2.41219044155772,1.0009741096542,25.6,1.0816894740042,-1.52619213843753,2.60788161244173,0,0,0,1,1,26,1,0,0,0,0,0,0,0,0,0,0,0,0,-87.7404565925545,823.86749241935,0.235998013902681,-37.7778445787689,34,14,NaN,1,-1264.98989940757,-2.71525886791353,-22.1775153652149,200,-549.079339546716,N
1.23419921274329,1.53079434965637,1.44109679702048,0.0638462754912848,1.42964013251696,0.0851712160277571,0.0240157871117614,0.0966666666666667,0.12,0.10037037037037,0.00465321626968075,0.1,0.00333333333333334,0.0196801968019686,248,300,266.230769230769,13.1036107765995,264.5,14,0.0272522392372147,0.894265686617651,0.00841580013694214,0.0332329321364704,0.974440059518614,0.0184468608154485,0.0434883287700577,0.937135524934997,0.0136439384124264,0.0390048605864336,0.0213478455407602,0.00247245826147484,0.00268936868866723,0.937605540867063,0.0137266043584966,0.0386675923858972,0.0348297018706762,0.00358941389019155,0.00405149834752747,0.0133009783336737,0.104187314020056,0.0399814061162223,0.856070326663561,0.986381998588597,0.93567691886427,0.0350150854270456,0.936925858689387,0.0469307613611307,0.0214821530023574,0.680589680589681,4,0.0272522392372147,27,0,0,-0.840626522802629,39,0.0087360109190783,0.24469243095424,0.065316770500212,0.00891991973750378,0.0095122499247339,0.0150261878226437,27,27,-1.03775710196767,0.0240157871117614,0.984977668413398,0.0272522392372147,2.91144761082052,0.0196801968019686,0.037037037037037,0,0,1,0.037037037037037,0,100,NaN,0,7681,67.6105171915631,1,1,1,1,100,0,0,0,NaN,14,0,0,0,0,0,4.38860537448352,0.272727272727273,2.14478919828108,67.1641791044776,26,68.0531732418525,-0.88899413737488,3.19951198797868,3.59097127222981,1,1,0,0,0,0,0,0,0,0,0,0,7.99766124224782,11.073087638511,0.269230769230769,0.615384615384615,0.884615384615385,1,1,1.11764705882353,0.882352941176471,0.235294117647059,0,0,0,0,0,0,0,0,0,0,0,0,0,0,0,0,0,0,0,0,0,0,0,0,0,0,1.01694915254237,2,2,8,6,0.75,67.1641791044776,26,68.0531732418525,-0.88899413737488,3.19951198797868,3.59097127222981,1,1,0,0,0,0,0,0,0,0,0,0,7.99766124224782,11.073087638511,0.269230769230769,0.615384615384615,0.884615384615385,1,1,1.11764705882353,0.882352941176471,0.235294117647059,2,2,8,6,0.75,2.14478919828108,4.38860537448352,0.272727272727273,2,0,3,0,0,0,0,0,0,0,0,0,0,0,0,0,0,0,0,0,0,0,0,0,0,0,0,0,-4,-0.16,6,4,3,2,4,7,2,1,1,4,0,0,0,0,96.2962962962963,0,0,0,0.0527671392995584,0,2,4.78589420654912,0.00130986739286792,1,0.0017542078399769,1.3392255197193,0.00221006172091403,1.68724080998394,0.00327587363948255,2.50092006054911,0.00578263821237921,4.41467452649406,0.0039791933591616,3.03785969543776,0.00691508633280291,0.0143797589398835,219.512195121951,109.821428571429,3.22559822951727,262.775204198366,3.86132184115053,0.471910112359551,0.500297619047619,93.2584269662921,0.00569248295743315,0.0101702133425472,666.666666666667,337.5,9.79626128964503,720.179814522467,10.5826044578853,0.204225352112676,0.50625,96.1267605633803,-4,5,1,0,104,27,130,51,75,0.0866666666666667,1.86748758362967,-0.0426176708601382,0,0,0.00779781261650377,0.00735123722244252,0.0823830786344988,0.850995118502017,0.08,0.176666666666667,0.0966666666666667,-0.000541836067433699,0.117860925697089,0.0989240253439123,-0.0656938572365555,9,97,-0.0754315441716237,201,1.99448454563724,-6.93889390390723e-16,-0.0560472417476411,0.0560472417476411,-0.00314129330751853,NaN,0,NaN,NaN,NaN,NaN,NaN,NaN,NaN,NaN,NaN,NaN,NaN,NaN,NaN,NaN,NaN,NaN,NaN,NaN,NaN,NaN,NaN,NaN,NaN,NaN,NaN,NaN,NaN,NaN,0,-0.054921671899174,1.29673308108621,-0.0549317780102438,1.29697169233187,0.999816024322608,25.6,1.48595574667962,-0.586236956705968,2.07219270338559,0,0,0,1,1,27,1,0,0,0,0,0,0,0,0,0,0,0,0,-92.409543958027,857.712446298231,0.11073087638511,-22.3938839114583,34,14,NaN,1,-129.903844570289,-1.93320385945275,-22.739356678172,200,-587.290072114478,N
2.35766211147313,3.0653827116626,2.80221518551119,0.159295627491345,2.85265752602322,0.206076740214585,0.0318251804251082,0.0866666666666667,0.153333333333333,0.113645833333333,0.0194431323161993,0.103333333333333,0.0266666666666667,0.096596788977262,205,240,222,9.48331868774499,220,12.75,0.0243921340695534,0.853113925009949,0.00949475800855055,0.0466893493050306,0.99044399365862,0.0346949965321166,0.0699735569046955,0.939337419799774,0.0206324078399041,0.0603921294861234,0.0321537568141152,0.00526267115368373,0.00506702351073772,0.948462051200814,0.0202955153714075,0.0613023691399522,0.0348606031840571,0.00531755749855951,0.00576217251324888,0.0188426613822083,0.141097146855277,0.0458643127714396,0.90086394372963,0.990625301946375,0.946991753750059,0.0268729516927073,0.94832156059568,0.0454026333797256,0.016499910406918,0.862480376766091,3,0.0243630727501696,32,0,0,-0.738599685337307,34,0.0222834260246001,0.29267314503465,0.0653019093816569,0.053388934159218,-0.0199999786824542,0.138592569809836,32,32,-0.766821867243609,0.0318251804251082,0.443147770889427,0.0243921340695534,0.322091287614939,0.096596788977262,0.03125,0,0,1,0.03125,0,100,NaN,0,7681,81.0810810810811,4,2,1,1,100,0,0,0,NaN,16,0,0,0,0,0,6.15096729292733,0.555555555555556,2.85246214132346,83.1413210445469,31,81.8181818181818,1.32313922636503,3.41759184257179,4.71919052265021,1,1,0,0,0,0,0,0,0,0,0,0,9.7528114438495,11.4612509285713,0.225806451612903,0.580645161290323,0.838709677419355,1,1,1.1,0.75,0.35,0,0,0,0,0,0,0,0,0,0,0,0,0,0,0,0,0,0,0,0,0,0,0,0,0,0,0.31380753138076,2,4,8,8,1,83.1413210445469,31,81.8181818181818,1.32313922636503,3.41759184257179,4.71919052265021,1,1,0,0,0,0,0,0,0,0,0,0,9.7528114438495,11.4612509285713,0.225806451612903,0.580645161290323,0.838709677419355,1,1,1.1,0.75,0.35,2,4,8,8,1,2.85246214132346,6.15096729292733,0.555555555555556,2,0,3,0,0,0,0,0,0,0,0,0,0,0,0,0,0,0,0,0,0,0,0,0,0,0,0,0,0,0,6,5,1,1,7,7,5,3,1,4,0,0,0,0,96.875,0,0,0,0.0576789952768359,0,2,4.24845765563657,0.00227746016544667,1,0.0033693327586012,1.47942555032149,0.00569882744300227,2.50227315913759,0.00931492578010927,4.09004992554167,0.00935966794456562,4.10969556638983,0.00639262565939659,2.80690997646619,0.0109041751059641,0.314702626945214,236.842105263158,98.2173174872665,2.89473684210526,271.075076474454,3.31313982357666,0.505263157894737,0.414695340501792,90.5263157894737,0.0102349325305481,0.0283869183093603,620.689655172414,370.588235294118,7.58620689655172,692.868163541268,8.46838866550439,0.155555555555556,0.597058823529412,97.4074074074074,-8,8,0,0,104,32,159,68,90,0.183333333333333,3.3405833127667,-0.0538862944928939,0,0,0.0573608141770593,0.027153232776486,0.239212347535548,1.84464171308891,0.0733333333333333,0.12,0.0466666666666667,0.00333753087983,0.268453583574269,0.436706412844556,-0.046733179544336,9,NaN,0.130459440769652,NaN,2.70085680795534,0.181818181818182,-0.0372406243001435,0.0372406243001435,-0.00138686409826444,NaN,0,NaN,NaN,NaN,NaN,NaN,NaN,NaN,NaN,NaN,NaN,NaN,NaN,NaN,NaN,NaN,NaN,NaN,NaN,NaN,NaN,NaN,NaN,NaN,NaN,NaN,NaN,NaN,NaN,0,-0.0689365664999586,1.44457504048621,-0.0675915423262931,1.41638987767963,1.01989929697376,25.6,2.67547219514122,-1.03036752832558,3.7058397234668,0,0,0,1,1,32,1,0,0,0,0,0,0,0,0,0,0,0,0,-93.6865622880593,866.166455972101,0.114612509285713,-64.3553216264399,34,14,NaN,3,-686.733544027899,-3.5259950625589,-21.7977503322524,200,-538.033152788419,N
0.879671899841445,1.22842021142982,1.05689495985329,0.0790195552680729,1.04342072831494,0.118980409678051,0.0422529397026133,0.0966666666666667,0.136666666666667,0.103555555555556,0.00891599402730562,0.1,0.00666666666666667,0.0408050461698534,157,163,159.136363636364,1.44013741416234,159,2,0.00495539480414242,0.924121826172767,0.0107893103739725,0.077533549096245,0.993026304339415,0.0427931623290709,0.106743998168838,0.969951075821044,0.0214800701617979,0.0892115391400387,0.0178732364687579,0.00646945199757181,0.00527150234052205,0.974292234463169,0.0205796170859065,0.0889642435583341,0.0287107564760785,0.00945180472592363,0.00551656252043804,0.0103069312932206,0.168054750490559,0.0320016046328147,0.80804763281863,0.974524096916571,0.919668922097336,0.0472674920344458,0.936617285841611,0.0744261587389919,0.0287619973547068,0.433300690930852,13,0.00489561122071428,45,1,0,-0.76444395283762,20,0.0143777051385518,0.774156930014465,-0.00391928759396929,0.0040030557184331,-0.0525362178226023,0.0161074466306897,45,45,0.125526322137825,0.0422529397026133,0.704163421917956,0.00495539480414242,2.00335152406805,0.0408050461698534,0.0222222222222222,0,0,1,0.0222222222222222,0,100,NaN,0,7681,113.110539845758,2,3,1,1,100,0,0,0,NaN,44,0,0,0,0,0,1.85988226670902,0,0.445271794096802,113.207547169811,44,113.207547169811,0,1.01751410187734,1.4240506329114,0,0,0,1,1,1,1,1,0,0,0,0,2.19537148646165,3.2599776076168,0.772727272727273,1,1,1,1,1.06896551724138,1,0.0689655172413792,0,0,0,0,0,0,0,0,0,0,0,0,0,0,0,0,0,0,0,0,0,0,0,0,0,0,0,1,1,3,3,1,113.207547169811,44,113.207547169811,0,1.01751410187734,1.4240506329114,0,0,0,1,1,1,1,1,0,0,0,0,2.19537148646165,3.2599776076168,0.772727272727273,1,1,1,1,1.06896551724138,1,0.0689655172413792,1,1,3,3,1,0.445271794096802,1.85988226670902,0,1,0,1,0,0,0,0,0,0,0,0,0,0,0,0,0,0,0,0,0,0,0,0,0,0,0,0,0,-1,-0.0232558139534884,15,8,2,1,4,17,6,2,0,3,0,0,0,0,97.7777777777778,0,0,0,0.0125791139240507,0,2,2.89025411896118,0.021998699305242,1,0.0125525307034964,0.570603312919746,0.0259914968090136,1.18150152644799,0.0220821085088329,1.00379155160192,0.0196533368998719,0.893386314671286,0.00767553519905134,0.348908591937632,0.0308448471780856,0.196484297244681,260.869565217391,53.4804753820034,2.30434782608696,401.088882401508,3.54295179454666,0.712,0.205008488964346,86.4,0.0323362365593678,0.0309494700879825,500,368.181818181818,4.41666666666667,612.845409238954,5.41346778161076,0.295154185022026,0.736363636363636,97.7973568281938,-39,39,0,0,65,45,90,28,53,0.0833333333333333,1.32061551122584,-0.0331391891143136,0,0,0.0884206743574161,0.149074895511781,0.269598208474648,2.63609379915789,0.0833333333333333,0.123333333333333,0.04,0.00136304408167349,0.201828068721992,NaN,-0.0421661414486113,10,NaN,0.473967992157486,NaN,2.67915107088239,0.240000000000001,-0.0393629160781178,0.0393629160781178,-0.00154943916217294,NaN,0,NaN,NaN,NaN,NaN,NaN,NaN,NaN,NaN,NaN,NaN,NaN,NaN,NaN,NaN,NaN,NaN,NaN,NaN,NaN,NaN,NaN,NaN,NaN,NaN,NaN,NaN,NaN,NaN,0,0.0193190162922585,-0.544440955705172,0.0186914098754739,-0.526753997311861,1.03357726468821,25.6,1.14277768743728,-0.971348130327924,2.1141258177652,0,0,0,1,1,45,1,0,0,0,0,0,0,1,44,0.977777777777778,0,0,0,-95.5536873964641,1000,100,-85.1069077581655,18,19,NaN,3,7110.56070981045,-2.75507828600046,-26.3304104184099,200,-649.390429568684,N
0.394692327791002,2.4119545736514,1.99946976430499,0.450839063779309,2.16772197643684,0.304536904900858,0.104170496010255,0.0966666666666667,0.14,0.104190476190476,0.00817867692860655,0.103333333333333,0.00333333333333333,0.0317776104957523,178,243,205.058823529412,17.5860502163032,204.5,22,0.0486795667518559,0.468011282905689,0.023281260356152,0.0239262146045705,0.949674337940207,0.0749046874885239,0.0903654336368103,0.867402618861423,0.0383570389675599,0.0773309502187463,0.108356748102846,0.0114060227988919,0.0137117567151654,0.899607843862927,0.0354188503445927,0.0794155062672348,0.0776070447666568,0.0115131073152526,0.0081200815763216,0.0556868449403039,0.162099791566206,0.0778833903180383,0.874800729043945,0.98877692093097,0.939441261363509,0.0332635585968688,0.939899699705982,0.058141576302119,0.0204769806056723,0.51963746223565,3,0.0485117922375917,35,0,0,-0.252375039977094,31,0.0337106249219991,5.12847701773534,0.0865363513412006,0.0265617466464867,0.00678757978569523,0.0248024977010827,35,35,-2.1970624686902,0.104170496010255,0.469664067777187,0.0486795667518559,3.00713462933622,0.0317776104957523,0.0285714285714286,0,0,1,0.0285714285714286,0,100,NaN,0,7681,87.7796901893287,1,2,1,1,100,0,0,0,NaN,14,0,0,0,0,0,7.48988789085479,0.533333333333333,4.30832398325619,87.378640776699,34,88.0200860832138,-0.64144530651474,7.38808476461783,9.63785046728972,0.941176470588235,0.994117647058823,0,0,0,0.0294117647058824,0.176470588235294,0.352941176470588,0,0,0,0,22.0653966933501,24.0661521455884,0.264705882352941,0.382352941176471,0.529411764705882,0.735294117647059,1,0.681818181818182,0.454545454545455,0.227272727272727,0,0,0,0,0,0,0,0,0,0,0,0,0,0,0,0,0,0,0,0,0,0,0,0,0,0,21.978021978022,4,9,12,7,0.583333333333333,87.378640776699,34,88.0200860832138,-0.64144530651474,7.38808476461783,9.63785046728972,0.941176470588235,0.994117647058823,0,0,0,0.0294117647058824,0.176470588235294,0.352941176470588,0,0,0,0,22.0653966933501,24.0661521455884,0.264705882352941,0.382352941176471,0.529411764705882,0.735294117647059,1,0.681818181818182,0.454545454545455,0.227272727272727,4,9,12,7,0.583333333333333,4.30832398325619,7.48988789085479,0.533333333333333,3,0,6,1,0,0,0,0,0,0,0,0,0,0,0,0,0,0,0,0,0,0,0,0,0,0,1,0.0294117647058824,-15,-0.454545454545455,4,4,3,3,12,3,3,2,1,5,0,0,0,0,94.2857142857143,0,0,0,0.109496035463748,29.4117647058824,2,2.57589696412143,0.00841737936927686,1,0.0174147844857575,2.06890811519329,0.0183327169143445,2.17796015957867,0.0201817794478977,2.39763215634079,0.0156682753507504,1.86141964896332,0.0102278924809319,1.21509225522891,0.0227310652651691,0.140423707301752,215.576592082616,116.612483725116,2.44917497443494,269.622975148493,3.06319826696821,0.404761904761905,0.540932958437464,92.8571428571429,0.0293259138374589,0.0476057335852707,631.773399014778,308.924485125858,7.17760487552242,654.477384787786,7.43554583858332,0.096,0.488979886787908,100,1,10,9,-1,101,35,129,55,80,0.0933333333333333,2.38287904544065,-0.000648713566050618,0,0,0.0449457144514591,0.0269850383960454,0.192002433876057,2.18035252068582,0.0833333333333333,0.153333333333333,0.07,0.00383776350478744,0.303583892275294,NaN,-0.105794126733743,12,NaN,0.398711467378574,NaN,2.56668493573249,1.04,-0.0271269838336176,0.0271269838336176,-0.00073587325190935,NaN,0,NaN,NaN,NaN,NaN,NaN,NaN,NaN,NaN,NaN,NaN,NaN,NaN,NaN,NaN,NaN,NaN,NaN,NaN,NaN,NaN,NaN,NaN,NaN,NaN,NaN,NaN,NaN,NaN,0,-0.129816506274949,2.88520074166236,-0.128802749638922,2.86266977482263,1.00787061331275,25.6,2.2945770661664,-0.792082897586474,3.08665996375287,0,0,0,1,1,35,1,0,0,0,0,0,0,0,0,0,0,0,0,-89.514723722339,871.157456717627,0.240661521455884,-40.9007608111987,34,14,NaN,3,-293.77827366769,-2.67881057312256,-16.6470699505278,200,-556.621485386057,N
0.508649320844604,0.58677910407044,0.566158194809001,0.0139683329961453,0.566341062772098,0.015839232037123,0.0128469868418353,0.126666666666667,0.143333333333333,0.134791666666667,0.00349983113405534,0.133333333333333,0.00333333333333333,0.014063818825567,148,152,150.021276595745,1.17008661333305,150,2,0.00432871069783495,0.996001720142831,0.00322785812930017,0.0459014977850256,0.998638319499327,0.0063498180652931,0.0542127808314764,0.997503013502075,0.00416184053291662,0.0504290519699835,0.000619906340205562,0.000728649669551876,0.00214452571291948,0.997432788015675,0.00391114215942114,0.0507027805189011,0.000901627509217628,0.000727343145392185,0.00305344668344632,0.000354856404782814,0.0939034254285958,0.0246932798437576,0.954808961915611,0.995348846663851,0.980181188928326,0.0127266003506216,0.980941395137171,0.0181269401191494,0.00741017380134555,0.579415204678363,11,0.00326811491431995,48,0,0,-0.781943394487718,18,0.00245780854838721,0.220891475339665,5.36151438492855e-06,0.0177035391542152,0.00101408952252309,0.0932480364911737,48,48,-1.61443469762978,0.0128469868418353,-0.288335775019494,0.00432871069783495,0.27821525543996,0.014063818825567,0.0416666666666667,0,1,47,0.979166666666667,50,100,NaN,0,7681,119.982981137427,1,1,2,2,50,50,50,0,0,47,0,0,0,0,0,2.25630948350462,0,1.62574790026247,121.621621621622,47,120,1.62162162162161,0.938050833426477,1.60007111427174,0,0,0.276595744680851,1,1,1,1,1,0,0,0,0,2.41632360837657,3.20056899004268,0.276595744680851,0.914893617021277,1,1,1,1.06451612903226,1,0.064516129032258,45,0,0,0,0,0,0,23,22,0,0,0,0,0,0,0,0,0,0,0,0,0,0,0,0,0,0,1,1,2,2,1,121.213495374569,24,120,1.21349537456919,0.924670082281056,1.19738655051334,0,0,0.25,1,1,1,1,1,0,0,0,0,2.49474814654319,3.20056899004268,0.25,1,1,1,1,1.0625,1,0.0625,1,1,2,2,1,1.37461764224449,2.32032730773494,0,1,0,1,0,0,0,0,0,0,0,0,0,0,0,0,0,0,0,0,0,0,0,0,0,0,0,0,0,7,0.152173913043478,16,5,1,1,6,15,11,4,2,4,0,0,0,0,97.9166666666667,0,0,0,0.0133339259522645,0,0,1.13266501757584,0.0104744268685484,1,0.0601991861021294,5.74725346385202,0.0577913262234623,5.51737359463482,0.0343069894507891,3.27530946383356,0.0152763757142814,1.45844502100175,0.00967433512314804,0.923614747093916,0.0279340597776107,0.00304751611726704,60.2006688963211,34.2483852336974,0.501672240802676,98.7823389849909,0.823186158208258,0.774193548387097,0.568903732493084,25.8064516129032,0.00658723088294485,0.0291474861297056,529.411764705882,203.83275261324,4.41176470588235,560.982629587974,4.67485524656645,0.288288288288288,0.385017421602787,94.5945945945946,7,0,7,0,63,24,80,NaN,NaN,0.0566666666666667,0.767907674926446,-0.648097409632214,0,0,0.00958109318265416,-0.0193634400926998,0.0187239198776388,0.153736773116129,0.1,NaN,NaN,0.00207827041945075,NaN,NaN,-0.009208434874049,3,NaN,0.117825901347,NaN,0.163345352805034,0.266666666666667,-0.623721343070849,0.623721343070849,-0.389028313802103,59,24,78,NaN,NaN,0.0633333333333333,0.786980562205762,0.654879810686967,0,0,0.00859615184491182,0.0165893774604657,0,NaN,0,NaN,NaN,-0.00220033569394197,0.0740245795875567,NaN,0.0112750836128828,7,NaN,0.126042978944965,NaN,NaN,NaN,0.65347306046749,-0.65347306046749,-0.427027040756748,0,-0.0297831478074151,0.961561311427768,-0.0296087672994854,0.95593136421814,1.00588948895325,25.6,0.674616692563638,-0.74574989262127,1.42036658518491,0,0,0,0,0,1,0.0208333333333333,1,2,47,0.979166666666667,0,0,0,1,0.0208333333333333,0,0,0,-93.5041374001793,1000,100,-0.19496426760326,19,19,9.54180387167994,1,4776.81806869897,-2.88046176234427,-19.9636544609861,200,-591.491689883769,N
0.504500816253115,0.568098023036639,0.552969182184148,0.0116707709067087,0.554890884346519,0.0137811349111781,0.0110505449250275,0.126666666666667,0.146666666666667,0.134930555555556,0.0042381573750136,0.133333333333333,0.00333333333333333,0.0168964422202998,147,153,150,1.36732045161012,150,2,0.00511871723712617,0.995512779225835,0.00315777608095317,0.0428257075462328,0.998271943254586,0.00494065740028735,0.0482390332520378,0.99692235074445,0.00388817473508444,0.0454583895800925,0.00073012957262833,0.000464715339608041,0.00135225386583541,0.996845866116718,0.00388256314898158,0.0454071244616919,0.00116387279505881,0.000634857923016076,0.00189863342617194,0.000425463539266926,0.0689891118552086,0.0171100343233225,0.955616436604506,0.997036215957799,0.977681889755616,0.0114680693117678,0.979198831627899,0.0125794430993693,0.0067318056947031,0.481364926570406,8,0.00298800365298958,49,0,0,-0.950861448799384,17,0.00179807829315962,0.191146404301026,0.00017213712255508,0.0171707286230253,-0.000228069543940784,0.0922989126441466,48,48,-1.67790186004245,0.0110505449250275,-0.0515765754199643,0.00511871723712617,0.73750097591121,0.0168964422202998,0.0416666666666667,0,1,47,0.979166666666667,50,100,NaN,0,7681,120,1,1,2,2,50,50,50,0,0,47,0,0,0,0,0,2.79323362588553,0,1.61593333750971,121.621621621622,47,120,1.62162162162161,1.09464798781159,1.60007111427174,0,0,0.319148936170213,1,1,1,1,1,0,0,0,0,3.20056899004268,3.20056899004268,0.319148936170213,0.851063829787234,1,1,1,1.06451612903226,1,0.064516129032258,45,0,0,0,0,0,0,23,22,0,0,0,0,0,0,0,0,0,0,0,0,0,0,0,0,0,0,1,1,3,3,1,121.621621621622,24,120,1.62162162162161,1.05488583356803,1.60007111427174,0,0,0.333333333333333,1,1,1,1,1,0,0,0,0,3.20056899004268,3.20056899004268,0.333333333333333,0.875,1,1,1,1.0625,1,0.0625,1,1,1,1,1,1.71725168502826,2.08033797866914,0,1,0,1,0,0,0,0,0,0,0,0,0,0,0,0,0,0,0,0,0,0,0,0,0,0,0,0,0,4,0.0869565217391304,18,4,1,1,5,16,7,4,1,5,0,0,0,0,97.9166666666667,0,0,0,0.0133339259522645,0,0,1.13266501757584,0.0173938151710945,1,0.0566056933418007,3.25435752794876,0.0528358595413429,3.03762337483883,0.0319941802908988,1.83939980827597,0.0146045234950079,0.839638880334782,0.010525350737151,0.605120304753055,0.00131974739058524,0.02699891858922,178.217821782178,244.50077183059,1.48514851485149,227.412840893504,1.89510700744587,0.341772151898734,1.37192099749386,69.620253164557,0.00569073182381926,0.0304808967580081,545.454545454545,242.307692307692,4.54545454545455,579.885859073737,4.83238215894781,0.271929824561404,0.444230769230769,91.2280701754386,8,0,8,0,60,24,78,12,60,0.06,0.787377255198032,-0.586317886293114,0,0,0.0170588035060971,-0.0349399948228136,0.0291283685197727,0.732569898367676,0.16,0.16,0,0.00144281487859785,NaN,NaN,-0.00926994501894366,6,NaN,0.122376678158417,NaN,0.643412070160047,1.83333333333333,-0.599470766494129,0.599470766494129,-0.359365199881058,60,24,78,NaN,NaN,NaN,NaN,NaN,0,0,0.0182181829948619,0.0366952723875308,0,NaN,0,NaN,NaN,-0.00199704495687606,NaN,NaN,0.00800101189747474,6,NaN,NaN,NaN,NaN,NaN,0.592484353207696,-0.592484353207696,-0.351037708795942,0,-0.0366397883380775,1.01393617356375,-0.0366541887438723,1.01433467729458,0.999607127963044,25.6,0.655850844888966,-0.704766118894424,1.36061696378339,0,0,0,0,0,1,0.0208333333333333,1,2,47,0.979166666666667,0,0,0,1,0.0208333333333333,0,0,0,-93.53615964339,1000,100,-12.4768547563553,19,19,9.39363538826167,1,6781.08615199483,-2.96928181162522,-21.4339654231798,200,-580.453310470006,N
0.781386292129434,0.892644259799468,0.866248594523111,0.0230143681623003,0.871975412998797,0.0280374218619539,0.0136983829350993,0.12,0.15,0.141111111111111,0.00447389767890286,0.14,0.00333333333333333,0.0146800134025803,148,152,150,0.722315118514615,150,0,0.00162812210915814,0.992524620761046,0.00289211369565178,0.0446690261903697,0.998201717046111,0.00581599659324107,0.0507537157245101,0.995933650165771,0.00449188504842286,0.0479717639022682,0.0014371705311846,0.000794280576902109,0.0014610058801388,0.996126771567679,0.00461246738468013,0.0478912078171382,0.00152633096450916,0.0010413174806602,0.00180133960668982,0.000810037339744511,0.100907207198068,0.0174688778250111,0.956567514251696,0.988124393436855,0.976935400669899,0.00824670014304619,0.980600049143408,0.00862603875765933,0.00453685371223577,0.571428571428572,3,0.0035399321615788,48,0,0,-0.308486934651257,18,0.00473065312614111,0.207931620788359,0.000350169434576931,0.0230035273362211,-0.00093714034358745,0.13752740235382,48,48,-1.66336526034353,0.0136983829350993,0,0.00162812210915814,-1.96042884628989,0.0146800134025803,0.0416666666666667,0,1,47,0.979166666666667,50,100,NaN,0,7681,120,1,1,2,2,50,50,50,0,0,47,0,0,0,0,0,0.817757782262069,0,1.62638525918819,121.621621621622,47,120,1.62162162162161,0.577999656012774,0,0,0,0.0638297872340425,1,1,1,1,1,0,0,0,0,0,3.20056899004268,0.0638297872340425,0.936170212765957,1,1,1,1.06451612903226,1,0.064516129032258,45,0,0,0,0,0,0,23,22,0,0,0,0,0,0,0,0,0,0,0,0,0,0,0,0,0,0,1,1,3,3,1,121.621621621622,24,120,1.62162162162161,0.667414200204455,0,0,0,0.0833333333333333,1,1,1,1,1,0,0,0,0,0.320056899004271,3.20056899004268,0.0833333333333333,0.916666666666667,1,1,1,1.0625,1,0.0625,1,1,2,2,1,1.66685633001422,0.87482219061167,0,1,0,1,0,0,0,0,0,0,0,0,0,0,0,0,0,0,0,0,0,0,0,0,0,0,0,0,0,-1,-0.0217391304347826,4,3,2,2,33,6,3,2,2,31,0,0,0,0,97.9166666666667,0,0,0,0,0,0,1.13266501757584,0.0181248050995075,1,0.0809773164736677,4.46776205476925,0.077183173316293,4.25842776750136,0.0489509919111238,2.70077342307278,0.0230600700292652,1.27229340688975,0.0143353256532967,0.790923023701161,0.033601785277724,0.0192175077997175,104.964297857871,71.8699012451696,0.874702482148929,109.992521937104,0.916604349475865,0.861111111111111,0.684708064664865,83.3333333333333,0.0111901460389471,0.0488141682771074,529.411764705882,133.622828784119,4.41176470588235,540.883636012017,4.50736363343348,0.381642512077295,0.252398676592225,88.8888888888889,7,0,7,0,59,24,85,NaN,NaN,0.0866666666666667,1.23929027630591,-0.983414255235749,0,0,0.00556649109476648,-0.00744945575431396,0,NaN,0.01,NaN,NaN,0.0036265093399591,NaN,NaN,-0.0107498780612781,6,NaN,0.200831870051669,NaN,NaN,NaN,-0.962232161759021,0.962232161759021,-0.925890733123439,59,24,93,NaN,NaN,0.113333333333333,1.24321689504162,0.952424256161316,0,0,0.00232924485745659,0.00315242570169605,0,NaN,0.0166666666666667,NaN,NaN,-0.00364158230061523,NaN,NaN,0.00693386721766662,6,NaN,0.164330167478625,NaN,NaN,NaN,0.93302211382476,-0.93302211382476,-0.870530264886024,0,-0.0587085718975501,1.06957557934383,-0.0590476102876093,1.07575231249789,0.994258219961693,25.6,1.03546110401787,-1.08755325604555,2.12301436006343,0,0,0,0,0,1,0.0208333333333333,1,2,47,0.979166666666667,0,0,0,1,0.0208333333333333,0,0,0,-93.4266666666667,1000,100,NaN,19,19,10.0488093951481,1,4755.55423710121,-2.70657791071872,-16.319074139649,200,NaN,N
0.614017326524513,0.678712084128207,0.647102658786162,0.0120748707143543,0.646060464255275,0.0147637426923721,0.0103023586132921,0.136666666666667,0.153333333333333,0.142013888888889,0.00438887392641912,0.141666666666667,0.00333333333333333,0.0169692555792545,148,152,150.042553191489,1.06234864514823,150,2,0.00390268563959649,0.989962472630205,0.00249737852540804,0.0291627288214963,0.997731504328976,0.00608614186528668,0.0373452258629981,0.994771175478059,0.00391401083883663,0.0334989969826446,0.0018810084914257,0.000875832174386848,0.00199238970470274,0.995263108724736,0.00394276577064193,0.033775059824488,0.0024227124088072,0.00106853001176065,0.00260044657860126,0.00106369972052364,0.125449656817426,0.0338478383071041,0.955597389206965,0.995690975658227,0.981090789717924,0.0130272326663049,0.984975770161723,0.018177298664528,0.00744208556249874,0.772796122387155,4,0.00422388437039453,48,0,0,-0.456561637523946,18,0.00173260194782125,0.155543123125602,0.000152198564277635,0.0171882939038722,-0.00055273572640194,0.104221293898727,48,48,0.372613970689765,0.0103023586132921,-0.0848771706734646,0.00390268563959649,0.703989389074086,0.0169692555792545,0.0416666666666667,0,1,47,0.979166666666667,50,100,NaN,0,7681,119.965967101531,1,1,2,2,50,50,50,0,0,47,0,0,0,0,0,1.9171334267335,0,0.828885922484377,120.805369127517,47,120,0.805369127516784,0.850042712563383,1.60007111427174,0,0,0.276595744680851,1,1,1,1,1,0,0,0,0,1.60007111427174,3.20056899004268,0.680851063829787,1,1,1,1,1.06451612903226,1,0.064516129032258,45,0,0,0,0,0,0,23,22,0,0,0,0,0,0,0,0,0,0,0,0,0,0,0,0,0,0,1,1,3,3,1,120.805369127517,24,120,0.805369127516784,0.848022320200629,1.19738655051334,0,0,0.25,1,1,1,1,1,0,0,0,0,1.76012090184884,3.20056899004268,0.666666666666667,1,1,1,1,1.0625,1,0.0625,1,1,2,2,1,0.855459433411204,1.95838025865793,0,1,0,1,0,0,0,0,0,0,0,0,0,0,0,0,0,0,0,0,0,0,0,0,0,0,0,0,0,0,0,14,5,2,1,10,14,7,1,1,9,0,0,0,0,97.9166666666667,0,0,0,0.0133339259522645,0,0,1.171722431975,0.0112948763713043,1,0.0605946939481666,5.36479479333773,0.0575332078311445,5.09374391890761,0.0377052511064213,3.33826151494805,0.0182841636508417,1.61880157425134,0.0113230376376004,1.00249327795811,0.0245233444473907,0.00284913778069898,60.2006688963211,48.180860546147,0.501672240802676,96.9043539897821,0.807536283248184,0.774193548387097,0.800337627960997,29.0322580645161,0.00724977864603043,0.0346174568335225,514.285714285714,159.151193633952,4.28571428571429,560.486282625283,4.67071902187736,0.407407407407407,0.309460654288241,91.2037037037037,6,0,6,0,63,24,80,NaN,NaN,0.0566666666666667,0.857578001560952,-0.751365672144066,0,0,0.00216102328328066,-0.00382935379486782,0,NaN,0,NaN,NaN,0.0031246371792914,NaN,NaN,-0.0138514905526832,3,NaN,0.176454661993148,NaN,NaN,NaN,-0.758251926982314,0.758251926982314,-0.574945984772392,60,24,83,NaN,NaN,0.0766666666666667,0.87175931900574,0.749292299679005,0,0,0.00637065695255678,0.0114799860596103,0,NaN,0,NaN,NaN,-0.00318534404883145,NaN,NaN,0.0110411681771388,6,NaN,0.162806226082344,NaN,NaN,NaN,0.742635807493952,-0.742635807493952,-0.551507942572194,0,-0.0301837759397237,0.830659145232953,-0.0303104311012778,0.834144702124377,0.995821400192859,25.6,0.740253785565331,-0.775313448126393,1.51556723369172,0,0,0,0,0,1,0.0208333333333333,1,2,47,0.979166666666667,0,0,0,1,0.0208333333333333,0,0,0,-93.4305178007911,1000,100,NaN,19,19,9.84087033501849,1,4817.23084008694,-2.71237990876737,-16.7166417701593,200,NaN,N
0.41771277129427,1.58777643165663,0.565538128488826,0.165694764459112,0.541114743034672,0.0246487989465853,0.0868393585786586,0.09,0.163333333333333,0.140797101449275,0.012456041869953,0.143333333333333,0.00666666666666665,0.0387373477440387,148,331,156.288888888889,27.7043008002058,150,1,0.0412277186768869,-0.653904785990314,0.00855152218718131,0.0180530040737361,0.978871131316794,0.259266131070712,0.241873469068417,0.887913495558703,0.0246708835141306,0.0446858607297906,0.344468419897397,0.0524585602649049,0.044309193191872,0.959986572152689,0.0135238229311855,0.0364482702120243,0.00752077963565645,0.00216526119642073,0.00289543647760272,NaN,0.500610062492049,0.255607396384413,0.95777653197956,0.995369007733455,0.98332669141787,0.0109459844771472,0.987821137660903,0.0169357034137956,0.00625021550624724,0.680344190015645,10,0.0203385009244772,47,-1,0,-0.184438535585624,20,0.00241073952424798,2.98301660376694,0.00117497444533002,0.0192900481807797,0.00441176638417607,0.0957391245915597,46,46,5.28578404520826,0.0868393585786586,5.78953741250242,0.0412277186768869,-2.5147798731901,0.0387373477440387,0.108695652173913,0,1,41,0.891304347826087,52.1739130434783,100,NaN,0,7681,115.171335134367,1,2,3,5,48,52,43,4,0.66304347826087,40,1,0,0,0,0,8.08728245187152,0.121951219512195,3.04248623312978,120.805369127517,45,120,0.805369127516784,10.8619661749912,0.794701986754959,0.0444444444444444,0.0977777777777778,0.222222222222222,0.888888888888889,0.911111111111111,0.955555555555556,0.977777777777778,0.977777777777778,0.0222222222222222,0.0222222222222222,0,0,15.5422112327799,20.3048571687908,0.688888888888889,0.888888888888889,0.888888888888889,0.888888888888889,0.955555555555556,1,0.866666666666667,0.133333333333333,37,0,0,0,0,0,0,19,18,0,0,0,0,0,0,0,0,0,0,0,0,0,0,0,0,0,15.7211948479779,1,1,7,2,0.285714285714286,120.805369127517,21,120,0.805369127516784,4.54936376609486,0.201342281879192,0.0476190476190476,0.0476190476190476,0.238095238095238,0.952380952380952,0.952380952380952,0.952380952380952,1,1,0,0,0,0,1.60007111427174,10.8583876271096,0.80952380952381,0.952380952380952,0.952380952380952,0.952380952380952,0.952380952380952,1,1,0,1,1,3,1,0.333333333333333,0.968841000732587,2.67325531086258,0.0588235294117647,1,0,2,2,0,0,0,0,0,0,0,0,0,0,0,0,0,0,0,0,0,0,0,0,0,0,1,0.0222222222222222,1,0.0227272727272727,14,7,4,2,5,11,8,4,3,7,1,1,2.17391304347826,2.17391304347826,91.304347826087,1,0,0,0.00662251655629132,11.1111111111111,0,1.21077984637417,0.0189935284053408,1,0.0532251573399256,2.8022785553083,0.0602836832680833,3.17390650023363,0.04404725863436,2.31906666809598,0.018491465961848,0.973566657401493,0.0109900905036047,0.578622900867349,0.00750495428350485,0.0287220083713422,204.545454545455,112.79996350254,1.70454545454545,246.955022965007,2.05795852470839,0.515789473684211,0.551466488234638,76.8421052631579,0.00755000200437243,0.0287301671451807,562.5,233.513513513514,4.6875,620.98115269382,5.17484293911516,0.279835390946502,0.415135135135135,95.4732510288066,12,0,12,0,59,22,77,34,55,0.06,0.7707740605778,-0.697372513584138,0,0,0.00677914532571862,-0.0143854706543114,0.0239891116730788,0.253598710926433,0.07,0.0833333333333333,0.0133333333333333,0.00249481309019941,-0.0785415772231139,NaN,-0.0194513629313587,6,NaN,0.148580349356963,NaN,1.78184773875646,-1.61904761904762,-0.704665818514988,0.704665818514988,-0.496553915783398,62,20,78,NaN,NaN,0.0533333333333333,0.697989825843595,0.615989947321955,0,0,0.00399751246140585,0.00914861868320557,0,NaN,0.01,NaN,NaN,-0.00232030200730383,NaN,NaN,0.0145245133622278,3,NaN,0.144009508107196,NaN,NaN,NaN,0.625771245439186,-0.625771245439186,-0.39158965161851,0,-0.111703772915735,1.01598953228824,-0.110961341150672,1.00923682481872,1.00669090475443,25.6,0.978417082539823,-1.88611048568591,2.86452756822573,0,0,0,0,0,1,0.0652173913043478,1,2,40,0.934782608695652,0,1,0,1,0.0217391304347826,0,0,0,-85.9019406091743,1000,100,-22.5255384159626,19,19,9.57020232201869,1,5650.82202562039,-2.44154471275319,-12.7249789554363,198.686711223505,-482.951535770816,N
